chain	v	cdr1	cdr2
TRA	TRAV1-1	TSGFYG	NALDGL
TRA	TRAV1-2	TSGFNG	NVLDGL
TRA	TRAV10	VSPFSN	MTFSENT
TRA	TRAV12-1	NSASQS	VYSSGN
TRA	TRAV12-2	DRGSQS	IYSNGD
TRA	TRAV12-3	NSAFQY	TYSSGN
TRA	TRAV13-1	DSASNY	IRSNVGE
TRA	TRAV13-2	NSASDY	IRSNMDK
TRA	TRAV14/DV4	TSDQSYG	QGSYDEQN
TRA	TRAV16	YSGSPE	HISR
TRA	TRAV17	TSINN	IRSNERE
TRA	TRAV18	SSYSTF	SSENQE
TRA	TRAV19	TRDTTYY	RNSFDEQN
TRA	TRAV2	VSNAYN	GSKP
TRA	TRAV20	VSGLRG	LYSAGEE
TRA	TRAV21	DSAIYN	IQSSQRE
TRA	TRAV22	DSVNN	IPSGT
TRA	TRAV23/DV6	NTAFDY	IRPDVSE
TRA	TRAV24	SSNFYA	MTLNGDE
TRA	TRAV25	TTLSN	LVKSGEV
TRA	TRAV26-1	TISGNEY	GLKNN
TRA	TRAV26-2	TISGTDY	GLTSN
TRA	TRAV27	SVFSS	VVTGGEV
TRA	TRAV29/DV5	NSMFDY	ISSIKDK
TRA	TRAV3	VSGNPY	YITGDNLV
TRA	TRAV30	KALYS	LLKGGEQ
TRA	TRAV34	KTLYG	LQKGGEE
TRA	TRAV35	SIFNT	LYKAGEL
TRA	TRAV36/DV7	VTNFRS	LTSSGIE
TRA	TRAV38-1	TSENNYY	QEAYKQQN
TRA	TRAV39	TTSDR	LLSNGAV
TRA	TRAV4	NIATNDY	GYKTK
TRA	TRAV40	STGYPT	ETME
TRA	TRAV41	VGISA	LSSGK
TRA	TRAV5	DSSSTY	IFSNMDM
TRA	TRAV6	NYSPAY	IRENEKE
TRA	TRAV7	VSRFNN	MYSAGYE
TRA	TRAV8-1	YGGTVN	YFSGDPLV
TRA	TRAV8-2	SSYSPS	YTSAATLV
TRA	TRAV8-3	YGATPY	YFSGDTLV
TRA	TRAV8-4	SSVPPY	YTSAATLV
TRA	TRAV8-6	SSVSVY	YLSGSTLV
TRA	TRAV8-7	YSGVPS	DLTEATQV
TRA	TRAV9-1	TTQYPS	AMKANDK
TRA	TRAV9-2	ATGYPS	ATKADDK
TRB	TRBV1	LGHDS	YNCKEF
TRB	TRBV10-1	WNHNN	SYGVQD
TRB	TRBV10-2	WSHSY	SAAADI
TRB	TRBV10-3	ENHRY	SYGVKD
TRB	TRBV11-1	SGHAT	FQDESV
TRB	TRBV11-2	SGHAT	FQNNGV
TRB	TRBV11-3	SGHNT	YENEEA
TRB	TRBV12-1	SGHND	FCSWTL
TRB	TRBV12-2	FGHNF	FRS*SI
TRB	TRBV12-3	SGHNS	FNNNVP
TRB	TRBV12-4	SGHDY	FNNNVP
TRB	TRBV12-5	LGHNT	FRNRAP
TRB	TRBV13	PRHDT	FYEKMQ
TRB	TRBV14	SGHDN	FVKESK
TRB	TRBV15	LNHNV	YYDKDF
TRB	TRBV16	KGHSY	FQNENV
TRB	TRBV17	SGHMF	FQYQNI
TRB	TRBV18	KGHSH	LQKENI
TRB	TRBV19	LNHDA	SQIVND
TRB	TRBV2	SNHLY	FYNNEI
TRB	TRBV20-1	DFQATT	SNEGSKA
TRB	TRBV20/OR9-2	DFQATT	SNEGSEV
TRB	TRBV21-1	KAHSY	FQNEEL
TRB	TRBV21/OR9-2	KRHSY	FQNEEI
TRB	TRBV23-1	KGHTF	FQNEQV
TRB	TRBV23/OR9-2	NGHTF	FQNEQV
TRB	TRBV24-1	KGHDR	SFDVKD
TRB	TRBV24/OR9-2	KGHDR	SFDVKD
TRB	TRBV25-1	MGHDK	SYGVNS
TRB	TRBV26	MNHVT	SPGTGS
TRB	TRBV26/OR9-2	MNHVA	SPGTGS
TRB	TRBV27	MNHEY	SMNVEV
TRB	TRBV28	MDHEN	SYDVKM
TRB	TRBV29-1	SQVTM	ANQGSEA
TRB	TRBV29/OR9-2	SQVTM	ANQGSEA
TRB	TRBV3-1	LGHDT	YNNKEL
TRB	TRBV3-2	LGHNA	YSNKEP
TRB	TRBV30	GTSNPN	SVGIG
TRB	TRBV4-1	MGHRA	YSYEKL
TRB	TRBV4-2	LGHNA	YNFKEQ
TRB	TRBV4-3	LGHNA	YSLEER
TRB	TRBV5-1	SGHRS	YFSETQ
TRB	TRBV5-3	SGHSS	YANELR
TRB	TRBV5-4	SGHNT	YYREEE
TRB	TRBV5-5	SGHKS	YYEKEE
TRB	TRBV5-6	SGHDT	YYEEEE
TRB	TRBV5-7	SGHTS	YYEKEE
TRB	TRBV5-8	SGHTS	YDEGEE
TRB	TRBV6-1	MNHNS	SASEGT
TRB	TRBV6-2	MNHEY	SVGEGT
TRB	TRBV6-3	MNHEY	SVGEGT
TRB	TRBV6-4	MRHNA	SNTAGT
TRB	TRBV6-5	MNHEY	SVGAGI
TRB	TRBV6-6	MNHNY	SVGAGI
TRB	TRBV6-7	MNHEY	SVAAAL
TRB	TRBV6-8	MNHGY	SAAAGT
TRB	TRBV6-9	MNHGY	SVAAGI
TRB	TRBV7-1	SGHNA	FQGKDA
TRB	TRBV7-2	SGHTA	FQGNSA
TRB	TRBV7-3	SGHTA	FQGTGA
TRB	TRBV7-4	SGHVT	SQSDAQ
TRB	TRBV7-6	SGHVS	FNYEAQ
TRB	TRBV7-7	SSHAT	FNYEAQ
TRB	TRBV7-8	SGHVS	FQNEAQ
TRB	TRBV7-9	SEHNR	FQNEAQ
TRB	TRBV9	SGDLS	YYNGEE
