chain	v	fwr1	cdr1	fwr2	cdr2	fwr3
TRA	TRAV1-1	GQSLEQPSEVTAVEGAIVQINCTYQ	TSGFYG	LSWYQQHDGGAPTFLSY	NALDGL	EETGRFSSFLSRSDSYGYLLLQELQMKDSASYFC
TRA	TRAV1-2	GQNIDQPTEMTATEGAIVQINCTYQ	TSGFNG	LFWYQQHAGEAPTFLSY	NVLDGL	EEKGRFSSFLSRSKGYSYLLLKELQMKDSASYLC
TRA	TRAV10	KNQVEQSPQSLIILEGKNCTLQCNYT	VSPFSN	LRWYKQDTGRGPVSLTI	MTFSENT	KSNGRYTATLDADTKQSSLHITASQLSDSASYIC
TRA	TRAV12-1	RKEVEQDPGPFNVPEGATVAFNCTYS	NSASQS	FFWYRQDCRKEPKLLMS	VYSSGN	EDGRFTAQLNRASQYISLLIRDSKLSDSATYLC
TRA	TRAV12-2	QKEVEQNSGPLSVPEGAIASLNCTYS	DRGSQS	FFWYRQYSGKSPELIMF	IYSNGD	KEDGRFTAQLNKASQYVSLLIRDSQPSDSATYLC
TRA	TRAV12-3	QKEVEQDPGPLSVPEGAIVSLNCTYS	NSAFQY	FMWYRQYSRKGPELLMY	TYSSGN	KEDGRFTAQVDKSSKYISLFIRDSQPSDSATYLC
TRA	TRAV13-1	GENVEQHPSTLSVQEGDSAVIKCTYS	DSASNY	FPWYKQELGKGPQLIID	IRSNVGE	KKDQRIAVTLNKTAKHFSLHITETQPEDSAVYFC
TRA	TRAV13-2	GESVGLHLPTLSVQEGDNSIINCAYS	NSASDY	FIWYKQESGKGPQFIID	IRSNMDK	RQGQRVTVLLNKTVKHLSLQIAATQPGDSAVYFC
TRA	TRAV14/DV4	QKITQTQPGMFVQEKEAVTLDCTYD	TSDQSYG	LFWYKQPSSGEMIFLIY	QGSYDEQN	ATEGRYSLNFQKARKSANLVISASQLGDSAMYF
TRA	TRAV16	AQRVTQPEKLLSVFKGAPVELKCNYS	YSGSPE	LFWYVQYSRQRLQLLLR	HISR	ESIKGFTADLNKGETSFHLKKPFAQEEDSAMYYC
TRA	TRAV17	SQQGEEDPQALSIQEGENATMNCSYK	TSINN	LQWYRQNSGRGLVHLIL	IRSNERE	KHSGRLRVTLDTSKKSSSLLITASRAADTASYFC
TRA	TRAV18	GDSVTQTEGPVTLPERAALTLNCTYQ	SSYSTF	LFWYVQYLNKEPELLLK	SSENQE	TDSRGFQASPIKSDSSFHLEKPSVQLSDSAVYYC
TRA	TRAV19	AQKVTQAQTEISVVEKEDVTLDCVYE	TRDTTYY	LFWYKQPPSGELVFLIR	RNSFDEQN	EISGRYSWNFQKSTSSFNFTITASQVVDSAVYFC
TRA	TRAV2	KDQVFQPSTVASSEGAVVEIFCNHS	VSNAYN	FFWYLHFPGCAPRLLVK	GSKP	SQQGRYNMTYERFSSSLLILQVREADAAVYYC
TRA	TRAV20	EDQVTQSPEALRLQEGESSSLNCSYT	VSGLRG	LFWYRQDPGKGPEFLFT	LYSAGEE	KEKERLKATLTKKESFLHITAPKPEDSATYLC
TRA	TRAV21	KQEVTQIPAALSVPEGENLVLNCSFT	DSAIYN	LQWFRQDPGKGLTSLLL	IQSSQRE	QTSGRLNASLDKSSGRSTLYIAASQPGDSATYLC
TRA	TRAV22	GIQVEQSPPDLILQEGANSTLRCNFS	DSVNN	LQWFHQNPWGQLINLFY	IPSGT	KQNGRLSATTVATERYSLLYISSSQTTDSGVYFC
TRA	TRAV23/DV6	QQVKQSPQSLIVQKGGISIINCAYE	NTAFDY	FPWYQQFPGKGPALLIA	IRPDVSE	KKEGRFTISFNKSAKQFSLHIMDSQPGDSATYFC
TRA	TRAV24	ILNVEQSPQSLHVQEGDSTNFTCSFP	SSNFYA	LHWYRWETAKSPEALFV	MTLNGDE	KKKGRISATLNTKEGYSYLYIKGSQPEDSATYLC
TRA	TRAV25	GQQVMQIPQYQHVQEGEDFTTYCNSS	TTLSN	IQWYKQRPGGHPVFLIQ	LVKSGEV	KKQKRLTFQFGEAKKNSSLHITATQTTDVGTYFC
TRA	TRAV26-1	DAKTTQPPSMDCAEGRAANLPCNHS	TISGNEY	VYWYRQIHSQGPQYIIH	GLKNN	ETNEMASLIITEDRKSSTLILPHATLRDTAVYYC
TRA	TRAV26-2	DAKTTQPNSMESNEEEPVHLPCNHS	TISGTDY	IHWYRQLPSQGPEYVIH	GLTSN	VNNRMASLAIAEDRKSSTLILHRATLRDAAVYYC
TRA	TRAV27	TQLLEQSPQFLSIQEGENLTVYCNSS	SVFSS	LQWYRQEPGEGPVLLVT	VVTGGEV	KKLKRLTFQFGDARKDSSLHITAAQPGDTGLYLC
TRA	TRAV29/DV5	DQQVKQNSPSLSVQEGRISILNCDYT	NSMFDY	FLWYKKYPAEGPTFLIS	ISSIKDK	NEDGRFTVFLNKSAKHLSLHIVPSQPGDSAVYFC
TRA	TRAV3	AQSVAQPEDQVNVAEGNPLTVKCTYS	VSGNPY	LFWYVQYPNRGLQFLLK	YITGDNLV	KGSYGFEAEFNKSQTSFHLKKPSALVSDSALYFC
TRA	TRAV30	QQPVQSPQAVILREGEDAVINCSSS	KALYS	VHWYRQKHGEAPVFLMI	LLKGGEQ	KGHEKISASFNEKKQQSSLYLTASQLSYSGTYFC
TRA	TRAV34	SQELEQSPQSLIVQEGKNLTINCTSS	KTLYG	LYWYKQKYGEGLIFLMM	LQKGGEE	KSHEKITAKLDEKKQQSSLHITASQPSHAGIYLC
TRA	TRAV35	GQQLNQSPQSMFIQEGEDVSMNCTSS	SIFNT	WLWYKQEPGEGPVLLIA	LYKAGEL	TSNGRLTAQFGITRKDSFLNISASIPSDVGIYFC
TRA	TRAV36/DV7	EDKVVQSPLSLVVHEGDTVTLNCSYE	VTNFRS	LLWYKQEKKAPTFLFM	LTSSGIE	KKSGRLSSILDKKELFSILNITATQTGDSAIYLC
TRA	TRAV38-1	AQTVTQSQPEMSVQEAETVTLSCTYD	TSENNYY	LFWYKQPPSRQMILVIR	QEAYKQQN	ATENRFSVNFQKAAKSFSLKISDSQLGDTAMYFC
TRA	TRAV39	ELKVEQNPLFLSMQEGKNYTIYCNYS	TTSDR	LYWYRQDPGKSLESLFV	LLSNGAV	KQEGRLMASLDTKARLSTLHITAAVHDLSATYFC
TRA	TRAV4	LAKTTQPISMDSYEGQEVNITCSHN	NIATNDY	ITWYQQFPSQGPRFIIQ	GYKTK	VTNEVASLFIPADRKSSTLSLPRVSLSDTAVYYC
TRA	TRAV40	SNSVKQTGQITVSEGASVTMNCTYT	STGYPT	LFWYVEYPSKPLQLLQR	ETME	NSKNFGGGNIKDKNSPIVKYSVQVSDSAVYYC
TRA	TRAV41	KNEVEQSPQNLTAQEGEFITINCSYS	VGISA	LHWLQQHPGGGIVSLFM	LSSGK	KKHGRLIATINIQEKHSSLHITASHPRDSAVYIC
TRA	TRAV5	GEDVEQSLFLSVREGDSSVINCTYT	DSSSTY	LYWYKQEPGAGLQLLTY	IFSNMDM	KQDQRLTVLLNKKDKHLSLRIADTQTGDSAIYFC
TRA	TRAV6	SQKIEQNSEALNIQEGKTATLTCNYT	NYSPAY	LQWYRQDPGRGPVFLLL	IRENEKE	KRKERLKVTFDTTLKQSLFHITASQPADSATYLC
TRA	TRAV7	ENQVEHSPHFLGPQQGDVASMSCTYS	VSRFNN	LQWYRQNTGMGPKHLLS	MYSAGYE	KQKGRLNATLLKNGSSLYITAVQPEDSATYFC
TRA	TRAV8-1	AQSVSQHNHHVILSEAASLELGCNYS	YGGTVN	LFWYVQYPGQHLQLLLK	YFSGDPLV	KGIKGFEAEFIKSKFSFNLRKPSVQWSDTAEYFC
TRA	TRAV8-2	AQSVTQLDSHVSVSEGTPVLLRCNYS	SSYSPS	LFWYVQHPNKGLQLLLK	YTSAATLV	KGINGFEAEFKKSETSFHLTKPSAHMSDAAEYFC
TRA	TRAV8-3	AQSVTQPDIHITVSEGASLELRCNYS	YGATPY	LFWYVQSPGQGLQLLLK	YFSGDTLV	QGIKGFEAEFKRSQSSFNLRKPSVHWSDAAEYFC
TRA	TRAV8-4	AQSVTQLGSHVSVSEGALVLLRCNYS	SSVPPY	LFWYVQYPNQGLQLLLK	YTSAATLV	KGINGFEAEFKKSETSFHLTKPSAHMSDAAEYFC
TRA	TRAV8-6	AQSVTQLDSQVPVFEEAPVELRCNYS	SSVSVY	LFWYVQYPNQGLQLLLK	YLSGSTLV	ESINGFEAEFNKSQTSFHLRKPSVHISDTAEYFC
TRA	TRAV8-7	TQSVTQLDGHITVSEEAPLELKCNYSY	YSGVPS	LFWYVQYSSQSLQLLLK	DLTEATQV	KGIRGFEAEFKKSETSFYLRKPSTHVSDAAEYFC
TRA	TRAV9-1	GDSVVQTEGQVLPSEGDSLIVNCSYE	TTQYPS	LFWYVQYPGEGPQLHLK	AMKANDK	GRNKGFEAMYRKETTSFHLEKDSVQESDSAVYFC
TRA	TRAV9-2	GNSVTQMEGPVTLSEEAFLTINCTYT	ATGYPS	LFWYVQYPGEGLQLLLK	ATKADDK	GSNKGFEATYRKETTSFHLEKGSVQVSDSAVYFC
TRB	TRBV1	TGITQTPKYLVTAMGSKRTMKREH	LGHDS	MYWYRQKAKKSLEFMFY	YNCKEF	IENKTVPNHFTPECPDSSRLYLHVVALQQEDSAAYLC
TRB	TRBV10-1	DAEITQSPRHKITETGRQVTLACHQT	WNHNN	MFWYRQDLGHGLRLIHY	SYGVQD	TNKGEVSDGYSVSRSNTEDLPLTLESAASSQTSVYFC
TRB	TRBV10-2	DAGITQSPRYKITETGRQVTLMCHQT	WSHSY	MFWYRQDLGHGLRLIYY	SAAADI	TDKGEVPDGYVVSRSKTENFPLTLESATRSQTSVYFC
TRB	TRBV10-3	DAGITQSPRHKVTETGTPVTLRCHQT	ENHRY	MYWYRQDPGHGLRLIHY	SYGVKD	TDKGEVSDGYSVSRSKTEDFLLTLESATSSQTSVYFC
TRB	TRBV11-1	EAEVAQSPRYKITEKSQAVAFWCDPI	SGHAT	LYWYRQILGQGPELLVQ	FQDESV	VDDSQLPKDRFSAERLKGVDSTLKIQPAELGDSAMYLC
TRB	TRBV11-2	EAGVAQSPRYKIIEKRQSVAFWCNPI	SGHAT	LYWYQQILGQGPKLLIQ	FQNNGV	VDDSQLPKDRFSAERLKGVDSTLKIQPAKLEDSAVYLC
TRB	TRBV11-3	EAGVVQSPRYKIIEKKQPVAFWCNPI	SGHNT	LYWYLQNLGQGPELLIR	YENEEA	VDDSQLPKDRFSAERLKGVDSTLKIQPAELGDSAVYLC
TRB	TRBV12-1	AGVIQSPRHKVTEMGQSVTLRCEPI	SGHND	LLWYRQTFVQGLELLNY	FCSWTL	VDDSGVSKD*FSAQMPDVSFSTLRIQPMEPRDLGLYFC
TRB	TRBV12-2	AGIIQSPKHEVTEMGQTVTLRCEPI	FGHNF	LFWYRDTFVQGLELLSY	FRS*SI	IDNAGMPTERFSAERPDGSFSTLKIQPAEQGDSAVYVC
TRB	TRBV12-3	DAGVIQSPRHEVTEMGQEVTLRCKPI	SGHNS	LFWYRQTMMRGLELLIY	FNNNVP	IDDSGMPEDRFSAKMPNASFSTLKIQPSEPRDSAVYFC
TRB	TRBV12-4	DAGVIQSPRHEVTEMGQEVTLRCKPI	SGHDY	LFWYRQTMMRGLELLIY	FNNNVP	IDDSGMPEDRFSAKMPNASFSTLKIQPSEPRDSAVYFC
TRB	TRBV12-5	DARVTQTPRHKVTEMGQEVTMRCQPI	LGHNT	VFWYRQTMMQGLELLAY	FRNRAP	LDDSGMPKDRFSAEMPDATLATLKIQPSEPRDSAVYFC
TRB	TRBV13	AAGVIQSPRHLIKEKRETATLKCYPI	PRHDT	VYWYQQGPGQDPQFLIS	FYEKMQ	SDKGSIPDRFSAQQFSDYHSELNMSSLELGDSALYFC
TRB	TRBV14	EAGVTQFPSHSVIEKGQTVTLRCDPI	SGHDN	LYWYRRVMGKEIKFLLH	FVKESK	QDESGMPNNRFLAERTGGTYSTLKVQPAELEDSGVYFC
TRB	TRBV15	DAMVIQNPRYQVTQFGKPVTLSCSQT	LNHNV	MYWYQQKSSQAPKLLFH	YYDKDF	NNEADTPDNFQSRRPNTSFCFLDIRSPGLGDTAMYLC
TRB	TRBV16	GEEVAQTPKHLVRGEGQKAKLYCAPI	KGHSY	VFWYQQVLKNEFKFLIS	FQNENV	FDETGMPKERFSAKCLPNSPCSLEIQATKLEDSAVYFC
TRB	TRBV17	EPGVSQTPRHKVTNMGQEVILRCDPS	SGHMF	VHWYRQNLRQEMKLLIS	FQYQNI	AVDSGMPKERFTAERPNGTSSTLKIHPAEPRDSAVYLY
TRB	TRBV18	NAGVMQNPRHLVRRRGQEARLRCSPM	KGHSH	VYWYRQLPEEGLKFMVY	LQKENI	IDESGMPKERFSAEFPKEGPSILRIQQVVRGDSAAYFC
TRB	TRBV19	DGGITQSPKYLFRKEGQNVTLSCEQN	LNHDA	MYWYRQDPGQGLRLIYY	SQIVND	FQKGDIAEGYSVSREKKESFPLTVTSAQKNPTAFYLC
TRB	TRBV2	EPEVTQTPSHQVTQMGQEVILRCVPI	SNHLY	FYWYRQILGQKVEFLVS	FYNNEI	SEKSEIFDDQFSVERPDGSNFTLKIRSTKLEDSAMYFC
TRB	TRBV20-1	GAVVSQHPSWVICKSGTSVKIECRSL	DFQATT	MFWYRQFPKQSLMLMAT	SNEGSKA	TYEQGVEKDKFLINHASLTLSTLTVTSAHPEDSSFYIC
TRB	TRBV20/OR9-2	SAVVSQHPSRVICKSGTSVNIECRSL	DFQATT	MFWYRQLRKQSLMLMAT	SNEGSEV	TYEQGVKKDKFPINHPNLTFSALTVTSAHPEDSSFYIC
TRB	TRBV21-1	TKVTQRPRLLVKASEQKAKMDCVPI	KAHSY	VYWYRKKLEEELKFLVY	FQNEEL	IQKAEIINERFLAQCSKNSSCTLEIQSTESGDTALYFC
TRB	TRBV21/OR9-2	TKVTQRPRFLVKANEQKAKMDCVPI	KRHSY	VYWYHKTLEEELKFFIY	FQNEEI	IQKAEIINERFSAQCPQNSPCTLEIQSTESGDTARYFC
TRB	TRBV23-1	HAKVTQTPGHLVKGKGQKTKMDCTPE	KGHTF	VYWYQQNQNKEFMLLIS	FQNEQV	LQETEMHKKRFSSQCPKNAPCSLAILSSEPGDTALYLC
TRB	TRBV23/OR9-2	HAKVTQTPGYLVKGKGRKTKMYCTPK	NGHTF	VCWYQQNQNKEFMFLIS	FQNEQV	LQEMEMHKKRFSSQCPKNPPCSLAILSSEPGDTALYLC
TRB	TRBV24-1	DADVTQTPRNRITKTGKRIMLECSQT	KGHDR	MYWYRQDPGLGLRLIYY	SFDVKD	INKGEISDGYSVSRQAQAKFSLSLESAIPNQTALYFC
TRB	TRBV24/OR9-2	DADVTQTPRNRITKTGKRIMLECSQT	KGHDR	MYWYRQDPGLGLQLIYY	SFDVKD	INKGEISDGYSVSRQAQAKFSLSLESAIPNQTALYFC
TRB	TRBV25-1	EADIYQTPRYLVIGTGKKITLECSQT	MGHDK	MYWYQQDPGMELHLIHY	SYGVNS	TEKGDLSSESTVSRIRTEHFPLTLESARPSHTSQYLC
TRB	TRBV26	GTGKEFILQCSQN	MNHVT	MYWYRQDPGLGLKLVYY	SPGTGS	TEKGDISEGYHVS*NTIASFPLTLKSASTNQTSVYLY
TRB	TRBV26/OR9-2	CPQN	MNHVA	MYWYRQNPGLGLKLVYY	SPGTGS	IEKGDVSERYHVS*NTIASFLLTLKSASTNQTCVYLC
TRB	TRBV27	EAQVTQNPRYLITVTGKKLTVTCSQN	MNHEY	MSWYRQDPGLGLRQIYY	SMNVEV	TDKGDVPEGYKVSRKEKRNFPLILESPSPNQTSLYFC
TRB	TRBV28	DVKVTQSSRYLVKRTGEKVFLECVQD	MDHEN	MFWYRQDPGLGLRLIYF	SYDVKM	KEKGDIPEGYSVSREKKERFSLILESASTNQTSMYLC
TRB	TRBV29-1	SAVISQKPSRDICQRGTSLTIQCQVD	SQVTM	MFWYRQQPGQSLTLIAT	ANQGSEA	TYESGFVIDKFPISRPNLTFSTLTVSNMSPEDSSIYLC
TRB	TRBV29/OR9-2	SAVISQKPSRDICQRGTSMMIQCQVD	SQVTM	MFWYCQQPGQSLTLIAT	ANQGSEA	TYESRFVIDKFPISRPNLTFSTLTVSNRRPEDSSIYLC
TRB	TRBV3-1	TAVSQTPKYLVTQMGNDKSIKCEQN	LGHDT	MYWYKQDSKKFLKIMFS	YNNKEL	IINETVPNRFSPKSPDKAHLNLHINSLELGDSAVYFC
TRB	TRBV3-2	DTAVSQTPKYLVTQMGKKESLK*EQN	LGHNA	MYWYKQDSKKFLKTMFI	YSNKEP	ILNETVPNRFSPDSPDKAHLNLHINSLELGDSAVYFC
TRB	TRBV30	SQTIHQWPATLVQPVGSPLSLECTVE	GTSNPN	LYWYRQAAGRGLQLLFY	SVGIG	QISSEVPQNLSASRPQDRQFILSSKKLLLSDSGFYLC
TRB	TRBV4-1	TEVTQTPKHLVMGMTNKKSLKCEQH	MGHRA	MYWYKQKAKKPPELMFV	YSYEKL	SINESVPSRFSPECPNSSLLNLHLHALQPEDSALYLC
TRB	TRBV4-2	TGVTQTPRHLVMGMTNKKSLKCEQH	LGHNA	MYWYKQSAKKPLELMFV	YNFKEQ	TENNSVPSRFSPECPNSSHLFLHLHTLQPEDSALYLC
TRB	TRBV4-3	TGVTQTPRHLVMGMTNKKSLKCEQH	LGHNA	MYWYKQSAKKPLELMFV	YSLEER	VENNSVPSRFSPECPNSSHLFLHLHTLQPEDSALYLC
TRB	TRBV5-1	KAGVTQTPRYLIKTRGQQVTLSCSPI	SGHRS	VSWYQQTPGQGLQFLFE	YFSETQ	RNKGNFPGRFSGRQFSNSRSEMNVSTLELGDSALYLC
TRB	TRBV5-3	EAGVTQSPTHLIKTRGQQVTLRCSPI	SGHSS	VSWYQQAPGQGPQFIFE	YANELR	RSEGNFPNRFSGRQFHDCCSEMNVSALELGDSALYLC
TRB	TRBV5-4	ETGVTQSPTHLIKTRGQQVTLRCSSQ	SGHNT	VSWYQQALGQGPQFIFQ	YYREEE	NGRGNFPPRFSGLQFPNYSSELNVNALELDDSALYLC
TRB	TRBV5-5	DAGVTQSPTHLIKTRGQQVTLRCSPI	SGHKS	VSWYQQVLGQGPQFIFQ	YYEKEE	RGRGNFPDRFSARQFPNYSSELNVNALLLGDSALYLC
TRB	TRBV5-6	DAGVTQSPTHLIKTRGQQVTLRCSPK	SGHDT	VSWYQQALGQGPQFIFQ	YYEEEE	RQRGNFPDRFSGHQFPNYSSELNVNALLLGDSALYLC
TRB	TRBV5-7	DAGVTQSPTHLIKTRGQHVTLRCSPI	SGHTS	VSSYQQALGQGPQFIFQ	YYEKEE	RGRGNFPDQFSGHQFPNYSSELNVNALLLGDSALYLC
TRB	TRBV5-8	EAGVTQSPTHLIKTRGQQATLRCSPI	SGHTS	VYWYQQALGLGLQFLLW	YDEGEE	RNRGNFPPRFSGRQFPNYSSELNVNALELEDSALYLC
TRB	TRBV6-1	NAGVTQTPKFQVLKTGQSMTLQCAQD	MNHNS	MYWYRQDPGMGLRLIYY	SASEGT	TDKGEVPNGYNVSRLNKREFSLRLESAAPSQTSVYFC
TRB	TRBV6-2	NAGVTQTPKFRVLKTGQSMTLLCAQD	MNHEY	MYWYRQDPGMGLRLIHY	SVGEGT	TAKGEVPDGYNVSRLKKQNFLLGLESAAPSQTSVYFC
TRB	TRBV6-3	NAGVTQTPKFRVLKTGQSMTLLCAQD	MNHEY	MYWYRQDPGMGLRLIHY	SVGEGT	TAKGEVPDGYNVSRLKKQNFLLGLESAAPSQTSVYFC
TRB	TRBV6-4	IAGITQAPTSQILAAGRRMTLRCTQD	MRHNA	MYWYRQDLGLGLRLIHY	SNTAGT	TGKGEVPDGYSVSRANTDDFPLTLASAVPSQTSVYFC
TRB	TRBV6-5	NAGVTQTPKFQVLKTGQSMTLQCAQD	MNHEY	MSWYRQDPGMGLRLIHY	SVGAGI	TDQGEVPNGYNVSRSTTEDFPLRLLSAAPSQTSVYFC
TRB	TRBV6-6	NAGVTQTPKFRILKIGQSMTLQCTQD	MNHNY	MYWYRQDPGMGLKLIYY	SVGAGI	TDKGEVPNGYNVSRSTTEDFPLRLELAAPSQTSVYFC
TRB	TRBV6-7	NAGVTQTPKFHVLKTGQSMTLLCAQD	MNHEY	MYRYRQDPGKGLRLIYY	SVAAAL	TDKGEVPNGYNVSRSNTEDFPLKLESAAPSQTSVYFC
TRB	TRBV6-8	NAGVTQTPKFHILKTGQSMTLQCAQD	MNHGY	MSWYRQDPGMGLRLIYY	SAAAGT	TDKEVPNGYNVSRLNTEDFPLRLVSAAPSQTSVYLC
TRB	TRBV6-9	NAGVTQTPKFHILKTGQSMTLQCAQD	MNHGY	LSWYRQDPGMGLRRIHY	SVAAGI	TDKGEVPDGYNVSRSNTEDFPLRLESAAPSQTSVYFC
TRB	TRBV7-1	GAGVSQSLRHKVAKKGKDVALRYDPI	SGHNA	LYWYRQSLGQGLEFPIY	FQGKDA	ADKSGLPRDRFSAQRSEGSISTLKFQRTQQGDLAVYLC
TRB	TRBV7-2	GAGVSQSPSNKVTEKGKDVELRCDPI	SGHTA	LYWYRQSLGQGLEFLIY	FQGNSA	PDKSGLPSDRFSAERTGGSVSTLTIQRTQQEDSAVYLC
TRB	TRBV7-3	GAGVSQTPSNKVTEKGKYVELRCDPI	SGHTA	LYWYRQSLGQGPEFLIY	FQGTGA	ADDSGLPNDRFFAVRPEGSVSTLKIQRTERGDSAVYLC
TRB	TRBV7-4	GAGVSQSPRYKVAKRGRDVALRCDSI	SGHVT	LYWYRQTLGQGSEVLTY	SQSDAQ	RDKSGRPSGRFSAERPERSVSTLKIQRTEQGDSAVYLC
TRB	TRBV7-6	GAGVSQSPRYKVTKRGQDVALRCDPI	SGHVS	LYWYRQALGQGPEFLTY	FNYEAQ	QDKSGLPNDRFSAERPEGSISTLTIQRTEQRDSAMYRC
TRB	TRBV7-7	GAGVSQSPRYKVTKRGQDVTLRCDPI	SSHAT	LYWYQQALGQGPEFLTY	FNYEAQ	PDKSGLPSDRFSAERPEGSISTLTIQRTEQRDSAMYRC
TRB	TRBV7-8	GAGVSQSPRYKVAKRGQDVALRCDPI	SGHVS	LFWYQQALGQGPEFLTY	FQNEAQ	LDKSGLPSDRFFAERPEGSVSTLKIQRTQQEDSAVYLC
TRB	TRBV7-9	DTGVSQNPRHKITKRGQNVTFRCDPI	SEHNR	LYWYRQTLGQGPEFLTY	FQNEAQ	LEKSRLLSDRFSAERPKGSFSTLEIQRTEQGDSAMYLC
TRB	TRBV9	DSGVTQTPKHLITATGQRVTLRCSPR	SGDLS	VYWYQQSLDQGLQFLIQ	YYNGEE	RAKGNILERFSAQQFPDLHSELNLSSLELGDSALYFC
